USE tajodb;
DELETE FROM course;
INSERT INTO course (`courseid`, `name`,  `location`, `from`, `to`, `img`, `time`, `distance`)
VALUES (23935732, "갑천자전거길", "대전 유성구 도룡동","대전 대덕구 문평동","가수원교","riding1.jpg","약 2시간 36분",39),
(23937841, "유성천자전거길", "대전 유성구 봉명동", "유성천교", "대전 유성구 봉명동", "riding2.jpg","약 24분",6),
(23937840, "유등천자전거길", "대전 중구 태평동", "대화대교", "만성보", "riding3.jpg", "약 1시간 24분", 21),
(513483231, "대동천자전거길","대전 동구 소제동", "보문고등학교", "대신교","riding4.jpg" ,"약 12분",3),
(479377211, "대전천자전거길", "대전 동구 효동", "삼천교", "낭월다리", "riding5.jpg", "약 1시간 24분", 21);
INSERT INTO `user` (userid, `password`, nickname)
VALUES ("a123", "1234", "김싸피"), 
("b123", "1234", "이싸피"),
("c123", "1234", "박싸피"), 
("d123", "1234", "최싸피"),
("f123", "1234", "정싸피"),
("e123", "1234", "조싸피"),
("g123", "1234", "남궁싸피"),
("h123", "1234", "한싸피"),
("i123", "1234", "임싸피"),
("j123", "1234", "지싸피"),
("k123", "1234", "강싸피"),
("l123", "1234", "유싸피"),
("m123", "1234", "문싸피"),
("n123", "1234", "진싸피"),
("o123", "1234", "오싸피"),
("p123", "1234", "빈싸피"),
("q123", "1234", "구싸피"),
("r123", "1234", "리싸피");
INSERT INTO `record` (userid, distance, `ridedate`)
VALUES ("a123", 100, '2023-11-23 22:34:50'),
("a123", 100, '2023-11-23 22:34:55'),
("a123", 200, '2023-11-21 22:34:50'),
("a123", 300, '2023-11-20 22:34:50'),
("a123", 400, '2023-11-18 22:34:50'),
("a123", 500, '2023-11-01 22:34:50'),
("a123", 600, '2023-11-03 22:34:50'),
("a123", 700, '2023-11-02 22:34:50'),
("a123", 800, '2023-11-15 22:34:50'),
("a123", 900, '2023-11-18 22:34:50'),
("b123", 100, '2023-11-13 10:34:50'),
("b123", 100, '2023-11-13 10:34:50'),
("b123", 100, '2023-11-13 10:34:50'),
("b123", 100, '2023-11-13 10:34:50'),
("b123", 100, '2023-11-13 10:34:50'),
("b123", 100, '2023-11-13 10:34:50'),
("b123", 1000, '2023-11-15 10:34:55'),
("b123", 1000, '2023-11-17 10:34:55'),
("b123", 1000, '2023-11-10 10:34:50'),
("b123", 1000, '2023-11-17 10:34:50'),
("c123", 5, '2023-11-17 10:34:50'),
("c123", 5, '2023-11-17 10:34:50'),
("c123", 5, '2023-11-17 10:34:50'),
("c123", 5, '2023-11-17 10:34:50'),
("c123", 5, '2023-11-17 10:34:50'),
("c123", 5, '2023-11-17 10:34:50'),
("c123", 5, '2023-11-17 10:34:50'),
("c123", 5, '2023-11-17 10:34:50'),
("d123", 5, '2023-11-17 10:34:50'),
("e123", 5, '2023-11-17 10:34:50'),
("f123", 5, '2023-11-17 10:34:50'),
("g123", 5, '2023-11-17 10:34:50'),
("h123", 5, '2023-11-17 10:34:50'),
("i123", 5, '2023-11-17 10:34:50'),
("j123", 5, '2023-11-17 10:34:50'),
("k123", 5, '2023-11-17 10:34:50'),
("l123", 5, '2023-11-17 10:34:50'),
("q123", 5, '2023-11-17 10:34:50'),
("m123", 5, '2023-11-17 10:34:50'),
("n123", 5, '2023-11-17 10:34:50'),
("p123", 5, '2023-11-17 10:34:50'),
("r123", 5, '2023-11-17 10:34:50');

INSERT INTO groupboard (writer, content, `limit`, people, `date`, courseid)
VALUES("김싸피","같이 운동해여",5,1,"2023년 11월 10일 6시", 23935732),
("이싸피","자전거 쉽게 배우자",10,1,"2023년 11월 20일 8시", 23935732),
("박싸피","라이딩하실분 급구합니다.",3,1,"2023년 11월 5일 2시", 23937840),
("최싸피","여기가 라이딩 맛집",4,1,"2023년 11월 24일 20시", 23937841),
("조싸피","단체운동 모집해요",20,1,"2023년 11월 8일 18시", 23937841);

INSERT INTO `group`
VALUES("a123", 1),
("b123", 2),
("c123", 3),
("d123", 4),
("e123", 5);

INSERT INTO `coursereview` (courseid, content, writer, star)
VALUES (23937840, "참 좋은 코스에요", "김싸피", 5),
 (23937840, "최고의 코스입니다", "이싸피", 4),
 (23937840, "생각보단 그냥 그래요", "박싸피", 2),
 (23935732, "무난한 코스입니다", "박싸피", 3),
 (23935732, "제 인생 최고의 자전거 코스였어요", "김싸피", 5),
 (23937841, "경치 맛집입니다", "조싸피", 4),
 (479377211, "겨울엔 생각보다 추웠어요", "최싸피", 2),
 (479377211, "단풍이 예쁜 자전거코스", "박싸피", 5);
 
 
 





